name,fieldA,fieldB,fieldC,createdBy,updatedBy
Livvie,Aliquam non mauris. Morbi non lectus.,8753017,lmarran0@ezinearticles.com,2022-12-18 17:40:46,2023-04-10 09:10:27
Alexei,"Donec diam neque, vestibulum eget, vulputate ut, ultrices vel, augue. Vestibulum ante ipsum primis in faucibus orci luctus et ultrices posuere cubilia Curae; Donec pharetra, magna vestibulum aliquet ultrices, erat tortor sollicitudin mi, sit amet lobortis sapien sapien non mi. Integer ac neque.",95095174,abartoli1@yale.edu,2022-10-15 13:36:49,2023-03-23 03:26:50
Jillane,"Maecenas ut massa quis augue luctus tincidunt. Nulla mollis molestie lorem. Quisque ut erat. Curabitur gravida nisi at nibh. In hac habitasse platea dictumst. Aliquam augue quam, sollicitudin vitae, consectetuer eget, rutrum at, lorem. Integer tincidunt ante vel ipsum. Praesent blandit lacinia erat. Vestibulum sed magna at nunc commodo placerat. Praesent blandit.",8393297,jeaston2@sakura.ne.jp,2022-11-17 15:23:53,2023-03-02 09:10:14
Jdavie,"Vestibulum ante ipsum primis in faucibus orci luctus et ultrices posuere cubilia Curae; Donec pharetra, magna vestibulum aliquet ultrices, erat tortor sollicitudin mi, sit amet lobortis sapien sapien non mi. Integer ac neque.",45174336,jpreedy3@theguardian.com,2023-01-04 06:00:28,2023-03-11 06:36:49
Max,"Donec ut mauris eget massa tempor convallis. Nulla neque libero, convallis eget, eleifend luctus, ultricies eu, nibh. Quisque id justo sit amet sapien dignissim vestibulum. Vestibulum ante ipsum primis in faucibus orci luctus et ultrices posuere cubilia Curae; Nulla dapibus dolor vel est. Donec odio justo, sollicitudin ut, suscipit a, feugiat et, eros.",59280614,mbarby4@craigslist.org,2023-01-06 20:14:11,2023-02-07 14:09:13
Killy,Mauris sit amet eros. Suspendisse accumsan tortor quis turpis. Sed ante. Vivamus tortor.,31583939,kdiruggero5@dedecms.com,2023-01-08 01:30:48,2023-03-13 18:52:26
Friederike,"Aenean auctor gravida sem. Praesent id massa id nisl venenatis lacinia. Aenean sit amet justo. Morbi ut odio. Cras mi pede, malesuada in, imperdiet et, commodo vulputate, justo. In blandit ultrices enim. Lorem ipsum dolor sit amet, consectetuer adipiscing elit.",57257475,foxenford6@marketwatch.com,2023-03-23 00:44:59,2023-03-24 01:51:34
Mandie,"Lorem ipsum dolor sit amet, consectetuer adipiscing elit. Proin interdum mauris non ligula pellentesque ultrices.",4170473,mfortnum7@nature.com,2022-08-18 11:20:37,2023-02-04 00:41:27
Giraldo,Proin interdum mauris non ligula pellentesque ultrices.,71578945,geames8@rediff.com,2023-05-24 15:29:42,2023-01-23 21:09:44
Cosme,Suspendisse accumsan tortor quis turpis. Sed ante. Vivamus tortor. Duis mattis egestas metus. Aenean fermentum. Donec ut mauris eget massa tempor convallis.,58054969,cbaldacchi9@arstechnica.com,2023-01-25 23:23:10,2023-04-30 09:00:15
Tanney,Integer ac leo. Pellentesque ultrices mattis odio.,98033138,tbuttfielda@furl.net,2023-02-10 12:42:17,2023-03-09 11:59:16
Taite,"Donec semper sapien a libero. Nam dui. Proin leo odio, porttitor id, consequat in, consequat ut, nulla. Sed accumsan felis. Ut at dolor quis odio consequat varius.",85371682,ttirkinb@boston.com,2023-03-18 08:50:50,2022-06-29 14:57:01
Monique,"Lorem ipsum dolor sit amet, consectetuer adipiscing elit. Proin interdum mauris non ligula pellentesque ultrices. Phasellus id sapien in sapien iaculis congue. Vivamus metus arcu, adipiscing molestie, hendrerit at, vulputate vitae, nisl. Aenean lectus. Pellentesque eget nunc. Donec quis orci eget orci vehicula condimentum. Curabitur in libero ut massa volutpat convallis. Morbi odio odio, elementum eu, interdum eu, tincidunt in, leo. Maecenas pulvinar lobortis est.",18311334,mscroytonc@msu.edu,2022-07-10 15:10:20,2023-04-20 08:41:24
Ricky,"Ut at dolor quis odio consequat varius. Integer ac leo. Pellentesque ultrices mattis odio. Donec vitae nisi. Nam ultrices, libero non mattis pulvinar, nulla pede ullamcorper augue, a suscipit nulla elit ac nulla. Sed vel enim sit amet nunc viverra dapibus.",52057483,rmummd@icq.com,2022-07-22 18:43:04,2023-01-08 03:41:24
Wildon,"Vivamus vel nulla eget eros elementum pellentesque. Quisque porta volutpat erat. Quisque erat eros, viverra eget, congue eget, semper rutrum, nulla. Nunc purus. Phasellus in felis. Donec semper sapien a libero. Nam dui. Proin leo odio, porttitor id, consequat in, consequat ut, nulla. Sed accumsan felis.",23286956,wmcginnelle@g.co,2022-08-25 05:43:09,2023-05-21 12:04:55
Deny,"Vestibulum sed magna at nunc commodo placerat. Praesent blandit. Nam nulla. Integer pede justo, lacinia eget, tincidunt eget, tempus vel, pede. Morbi porttitor lorem id ligula. Suspendisse ornare consequat lectus. In est risus, auctor sed, tristique in, tempus sit amet, sem. Fusce consequat. Nulla nisl. Nunc nisl.",47671100,dastillf@yahoo.co.jp,2023-04-12 11:20:05,2023-02-24 19:02:26
Niels,Vestibulum sed magna at nunc commodo placerat.,22194041,nhundyg@imageshack.us,2022-11-12 20:30:14,2023-05-24 06:11:06
Morissa,"Pellentesque viverra pede ac diam. Cras pellentesque volutpat dui. Maecenas tristique, est et tempus semper, est quam pharetra magna, ac consequat metus sapien ut nunc.",21965267,mshoardh@globo.com,2022-09-02 19:38:23,2022-06-21 00:40:28
Andie,Vivamus tortor.,84591032,abryani@wordpress.com,2022-12-09 00:01:14,2022-06-17 18:58:46
Eleni,"Cum sociis natoque penatibus et magnis dis parturient montes, nascetur ridiculus mus. Etiam vel augue. Vestibulum rutrum rutrum neque. Aenean auctor gravida sem.",33483957,etallmanj@ovh.net,2023-04-14 07:37:02,2022-09-04 03:32:13
Barde,"Nulla mollis molestie lorem. Quisque ut erat. Curabitur gravida nisi at nibh. In hac habitasse platea dictumst. Aliquam augue quam, sollicitudin vitae, consectetuer eget, rutrum at, lorem. Integer tincidunt ante vel ipsum. Praesent blandit lacinia erat. Vestibulum sed magna at nunc commodo placerat. Praesent blandit. Nam nulla.",32146474,bmapplethorpek@ed.gov,2022-07-31 21:33:55,2023-03-08 03:30:46
Betteann,"Quisque ut erat. Curabitur gravida nisi at nibh. In hac habitasse platea dictumst. Aliquam augue quam, sollicitudin vitae, consectetuer eget, rutrum at, lorem. Integer tincidunt ante vel ipsum. Praesent blandit lacinia erat. Vestibulum sed magna at nunc commodo placerat.",59046841,bblackmoorl@cargocollective.com,2022-06-11 11:24:27,2023-01-27 05:18:50
Hewett,"Integer ac leo. Pellentesque ultrices mattis odio. Donec vitae nisi. Nam ultrices, libero non mattis pulvinar, nulla pede ullamcorper augue, a suscipit nulla elit ac nulla. Sed vel enim sit amet nunc viverra dapibus. Nulla suscipit ligula in lacus. Curabitur at ipsum ac tellus semper interdum.",19838790,hcessfordm@amazon.co.uk,2022-12-06 12:19:42,2023-03-02 14:01:53
Rozanna,"Donec odio justo, sollicitudin ut, suscipit a, feugiat et, eros. Vestibulum ac est lacinia nisi venenatis tristique. Fusce congue, diam id ornare imperdiet, sapien urna pretium nisl, ut volutpat sapien arcu sed augue. Aliquam erat volutpat.",55140745,rbooseyn@usnews.com,2022-08-27 10:44:18,2022-07-22 00:42:05
Jenine,"Nulla nisl. Nunc nisl. Duis bibendum, felis sed interdum venenatis, turpis enim blandit mi, in porttitor pede justo eu massa. Donec dapibus. Duis at velit eu est congue elementum. In hac habitasse platea dictumst. Morbi vestibulum, velit id pretium iaculis, diam erat fermentum justo, nec condimentum neque sapien placerat ante. Nulla justo.",47962230,jvasiljevico@statcounter.com,2023-03-13 20:34:48,2023-03-20 17:08:50
Marmaduke,"Donec odio justo, sollicitudin ut, suscipit a, feugiat et, eros. Vestibulum ac est lacinia nisi venenatis tristique. Fusce congue, diam id ornare imperdiet, sapien urna pretium nisl, ut volutpat sapien arcu sed augue. Aliquam erat volutpat. In congue. Etiam justo.",50538381,mwolfendalep@ibm.com,2022-09-03 10:19:59,2023-05-17 13:43:07
Lorilee,"Lorem ipsum dolor sit amet, consectetuer adipiscing elit. Proin interdum mauris non ligula pellentesque ultrices. Phasellus id sapien in sapien iaculis congue. Vivamus metus arcu, adipiscing molestie, hendrerit at, vulputate vitae, nisl. Aenean lectus. Pellentesque eget nunc. Donec quis orci eget orci vehicula condimentum. Curabitur in libero ut massa volutpat convallis.",96193138,lshearwoodq@google.com.au,2022-12-16 11:04:30,2022-07-11 20:34:32
Janessa,"Suspendisse potenti. In eleifend quam a odio. In hac habitasse platea dictumst. Maecenas ut massa quis augue luctus tincidunt. Nulla mollis molestie lorem. Quisque ut erat. Curabitur gravida nisi at nibh. In hac habitasse platea dictumst. Aliquam augue quam, sollicitudin vitae, consectetuer eget, rutrum at, lorem. Integer tincidunt ante vel ipsum.",47661036,jfennessyr@squarespace.com,2022-06-26 17:54:28,2022-11-08 12:35:19
Hagan,"In tempor, turpis nec euismod scelerisque, quam turpis adipiscing lorem, vitae mattis nibh ligula nec sem. Duis aliquam convallis nunc. Proin at turpis a pede posuere nonummy. Integer non velit. Donec diam neque, vestibulum eget, vulputate ut, ultrices vel, augue. Vestibulum ante ipsum primis in faucibus orci luctus et ultrices posuere cubilia Curae; Donec pharetra, magna vestibulum aliquet ultrices, erat tortor sollicitudin mi, sit amet lobortis sapien sapien non mi. Integer ac neque.",13481052,hangers@bigcartel.com,2022-06-21 00:28:32,2022-11-06 20:15:20
Orville,"Cras pellentesque volutpat dui. Maecenas tristique, est et tempus semper, est quam pharetra magna, ac consequat metus sapien ut nunc. Vestibulum ante ipsum primis in faucibus orci luctus et ultrices posuere cubilia Curae; Mauris viverra diam vitae quam. Suspendisse potenti.",51299504,orenolt@networkadvertising.org,2022-12-25 12:51:31,2022-12-21 08:04:42
Lynda,In hac habitasse platea dictumst. Etiam faucibus cursus urna. Ut tellus. Nulla ut erat id mauris vulputate elementum. Nullam varius.,25000092,lwillderu@go.com,2023-02-12 13:41:42,2022-12-05 15:14:27
Freddie,Curabitur at ipsum ac tellus semper interdum. Mauris ullamcorper purus sit amet nulla.,80264680,fdoyleyv@who.int,2023-06-01 21:02:52,2022-12-31 18:01:51
Grazia,"In eleifend quam a odio. In hac habitasse platea dictumst. Maecenas ut massa quis augue luctus tincidunt. Nulla mollis molestie lorem. Quisque ut erat. Curabitur gravida nisi at nibh. In hac habitasse platea dictumst. Aliquam augue quam, sollicitudin vitae, consectetuer eget, rutrum at, lorem. Integer tincidunt ante vel ipsum. Praesent blandit lacinia erat.",85020162,gholleyw@sakura.ne.jp,2023-05-23 10:51:34,2023-03-12 13:28:57
Zaneta,In congue. Etiam justo.,23512731,zdelacotex@artisteer.com,2023-03-03 12:20:13,2022-10-25 05:51:39
Camel,"In blandit ultrices enim. Lorem ipsum dolor sit amet, consectetuer adipiscing elit. Proin interdum mauris non ligula pellentesque ultrices. Phasellus id sapien in sapien iaculis congue. Vivamus metus arcu, adipiscing molestie, hendrerit at, vulputate vitae, nisl. Aenean lectus. Pellentesque eget nunc. Donec quis orci eget orci vehicula condimentum. Curabitur in libero ut massa volutpat convallis. Morbi odio odio, elementum eu, interdum eu, tincidunt in, leo.",49110807,ckettlesingy@telegraph.co.uk,2023-04-13 22:17:57,2022-06-21 13:15:04
Kendall,"Fusce congue, diam id ornare imperdiet, sapien urna pretium nisl, ut volutpat sapien arcu sed augue. Aliquam erat volutpat. In congue. Etiam justo. Etiam pretium iaculis justo.",78315483,kedenz@infoseek.co.jp,2023-03-28 19:42:40,2023-03-08 21:01:05
Willis,"In tempor, turpis nec euismod scelerisque, quam turpis adipiscing lorem, vitae mattis nibh ligula nec sem. Duis aliquam convallis nunc. Proin at turpis a pede posuere nonummy. Integer non velit. Donec diam neque, vestibulum eget, vulputate ut, ultrices vel, augue. Vestibulum ante ipsum primis in faucibus orci luctus et ultrices posuere cubilia Curae; Donec pharetra, magna vestibulum aliquet ultrices, erat tortor sollicitudin mi, sit amet lobortis sapien sapien non mi.",61325001,wnutley10@sina.com.cn,2022-07-24 06:20:31,2022-07-03 23:13:17
Dennis,"Nulla neque libero, convallis eget, eleifend luctus, ultricies eu, nibh. Quisque id justo sit amet sapien dignissim vestibulum. Vestibulum ante ipsum primis in faucibus orci luctus et ultrices posuere cubilia Curae; Nulla dapibus dolor vel est. Donec odio justo, sollicitudin ut, suscipit a, feugiat et, eros.",30088170,dindruch11@europa.eu,2022-08-07 13:52:23,2023-03-20 15:43:24
Velma,"Morbi quis tortor id nulla ultrices aliquet. Maecenas leo odio, condimentum id, luctus nec, molestie sed, justo. Pellentesque viverra pede ac diam. Cras pellentesque volutpat dui. Maecenas tristique, est et tempus semper, est quam pharetra magna, ac consequat metus sapien ut nunc. Vestibulum ante ipsum primis in faucibus orci luctus et ultrices posuere cubilia Curae; Mauris viverra diam vitae quam. Suspendisse potenti.",7824947,vvallis12@fda.gov,2023-01-11 16:02:33,2023-04-29 15:02:18
Clifford,Praesent id massa id nisl venenatis lacinia.,68749117,caseef13@prnewswire.com,2022-11-14 20:57:35,2023-04-14 06:40:49
Glenden,Integer tincidunt ante vel ipsum. Praesent blandit lacinia erat. Vestibulum sed magna at nunc commodo placerat.,59711975,gotto14@indiegogo.com,2023-04-22 16:50:34,2023-03-30 15:04:44
Kent,"In est risus, auctor sed, tristique in, tempus sit amet, sem. Fusce consequat. Nulla nisl.",3855288,konn15@patch.com,2023-05-18 07:05:32,2022-12-25 05:40:39
Lila,"Integer a nibh. In quis justo. Maecenas rhoncus aliquam lacus. Morbi quis tortor id nulla ultrices aliquet. Maecenas leo odio, condimentum id, luctus nec, molestie sed, justo. Pellentesque viverra pede ac diam.",2679398,ljefferson16@biblegateway.com,2023-05-01 14:34:23,2022-12-25 02:48:12
Vlad,Mauris sit amet eros. Suspendisse accumsan tortor quis turpis. Sed ante. Vivamus tortor. Duis mattis egestas metus. Aenean fermentum. Donec ut mauris eget massa tempor convallis.,44579989,vthewless17@marriott.com,2023-05-14 14:04:44,2023-03-30 07:38:41
Reinhold,"Phasellus in felis. Donec semper sapien a libero. Nam dui. Proin leo odio, porttitor id, consequat in, consequat ut, nulla.",30407342,rinker18@ameblo.jp,2022-08-18 22:51:15,2022-08-28 22:09:46
Morie,"Nunc rhoncus dui vel sem. Sed sagittis. Nam congue, risus semper porta volutpat, quam pede lobortis ligula, sit amet eleifend pede libero quis orci. Nullam molestie nibh in lectus. Pellentesque at nulla. Suspendisse potenti. Cras in purus eu magna vulputate luctus. Cum sociis natoque penatibus et magnis dis parturient montes, nascetur ridiculus mus.",41896255,mstrettell19@sourceforge.net,2022-06-19 22:21:19,2022-10-25 20:38:13
Dorian,"Nulla neque libero, convallis eget, eleifend luctus, ultricies eu, nibh. Quisque id justo sit amet sapien dignissim vestibulum. Vestibulum ante ipsum primis in faucibus orci luctus et ultrices posuere cubilia Curae; Nulla dapibus dolor vel est. Donec odio justo, sollicitudin ut, suscipit a, feugiat et, eros. Vestibulum ac est lacinia nisi venenatis tristique. Fusce congue, diam id ornare imperdiet, sapien urna pretium nisl, ut volutpat sapien arcu sed augue. Aliquam erat volutpat. In congue.",33827193,dwodham1a@lycos.com,2022-11-05 06:09:31,2023-02-28 20:00:05
Glennis,"Donec odio justo, sollicitudin ut, suscipit a, feugiat et, eros. Vestibulum ac est lacinia nisi venenatis tristique. Fusce congue, diam id ornare imperdiet, sapien urna pretium nisl, ut volutpat sapien arcu sed augue. Aliquam erat volutpat. In congue. Etiam justo. Etiam pretium iaculis justo.",69536766,gcursons1b@wp.com,2022-06-17 02:26:45,2022-07-01 01:29:14
Marv,"Quisque id justo sit amet sapien dignissim vestibulum. Vestibulum ante ipsum primis in faucibus orci luctus et ultrices posuere cubilia Curae; Nulla dapibus dolor vel est. Donec odio justo, sollicitudin ut, suscipit a, feugiat et, eros. Vestibulum ac est lacinia nisi venenatis tristique. Fusce congue, diam id ornare imperdiet, sapien urna pretium nisl, ut volutpat sapien arcu sed augue. Aliquam erat volutpat. In congue.",4842311,msteere1c@technorati.com,2023-04-20 14:33:12,2022-09-17 06:28:01
Zeke,"Fusce congue, diam id ornare imperdiet, sapien urna pretium nisl, ut volutpat sapien arcu sed augue. Aliquam erat volutpat. In congue. Etiam justo. Etiam pretium iaculis justo. In hac habitasse platea dictumst. Etiam faucibus cursus urna. Ut tellus. Nulla ut erat id mauris vulputate elementum.",23986946,zlitterick1d@hud.gov,2022-09-20 10:36:39,2023-04-13 10:27:01
Jay,Vestibulum ante ipsum primis in faucibus orci luctus et ultrices posuere cubilia Curae; Duis faucibus accumsan odio. Curabitur convallis. Duis consequat dui nec nisi volutpat eleifend. Donec ut dolor.,11217408,jkneaphsey1e@trellian.com,2022-10-01 12:36:32,2022-12-20 02:03:24
Dorothy,"Curabitur in libero ut massa volutpat convallis. Morbi odio odio, elementum eu, interdum eu, tincidunt in, leo. Maecenas pulvinar lobortis est. Phasellus sit amet erat. Nulla tempus. Vivamus in felis eu sapien cursus vestibulum. Proin eu mi.",91230742,dsimka1f@yahoo.co.jp,2022-06-20 15:21:11,2022-10-03 02:36:44
Kayle,"Suspendisse potenti. Cras in purus eu magna vulputate luctus. Cum sociis natoque penatibus et magnis dis parturient montes, nascetur ridiculus mus. Vivamus vestibulum sagittis sapien. Cum sociis natoque penatibus et magnis dis parturient montes, nascetur ridiculus mus. Etiam vel augue.",61749777,kdelacote1g@linkedin.com,2022-10-24 17:13:56,2023-04-18 18:58:23
Katuscha,"Morbi vestibulum, velit id pretium iaculis, diam erat fermentum justo, nec condimentum neque sapien placerat ante. Nulla justo. Aliquam quis turpis eget elit sodales scelerisque. Mauris sit amet eros. Suspendisse accumsan tortor quis turpis. Sed ante. Vivamus tortor.",16501292,kbanbury1h@desdev.cn,2022-07-05 10:44:31,2022-12-30 23:55:34
Maddy,"Aliquam sit amet diam in magna bibendum imperdiet. Nullam orci pede, venenatis non, sodales sed, tincidunt eu, felis. Fusce posuere felis sed lacus. Morbi sem mauris, laoreet ut, rhoncus aliquet, pulvinar sed, nisl. Nunc rhoncus dui vel sem. Sed sagittis. Nam congue, risus semper porta volutpat, quam pede lobortis ligula, sit amet eleifend pede libero quis orci. Nullam molestie nibh in lectus. Pellentesque at nulla. Suspendisse potenti.",22185237,mrossoni1i@macromedia.com,2023-01-20 04:08:02,2022-11-26 06:38:27
Hercule,"Praesent id massa id nisl venenatis lacinia. Aenean sit amet justo. Morbi ut odio. Cras mi pede, malesuada in, imperdiet et, commodo vulputate, justo. In blandit ultrices enim. Lorem ipsum dolor sit amet, consectetuer adipiscing elit. Proin interdum mauris non ligula pellentesque ultrices. Phasellus id sapien in sapien iaculis congue. Vivamus metus arcu, adipiscing molestie, hendrerit at, vulputate vitae, nisl.",44796050,hberryann1j@washingtonpost.com,2023-01-28 06:23:34,2023-03-23 06:50:22
Reinhard,"Vivamus metus arcu, adipiscing molestie, hendrerit at, vulputate vitae, nisl. Aenean lectus. Pellentesque eget nunc. Donec quis orci eget orci vehicula condimentum.",11209086,rwackly1k@tumblr.com,2022-10-26 09:26:23,2022-07-10 07:47:57
Glenna,"Aliquam augue quam, sollicitudin vitae, consectetuer eget, rutrum at, lorem.",16563211,gtompion1l@mapquest.com,2022-06-15 05:32:27,2022-07-12 20:19:22
Corbin,"Quisque erat eros, viverra eget, congue eget, semper rutrum, nulla. Nunc purus.",41569460,cbatchelor1m@omniture.com,2022-11-27 07:00:16,2023-01-13 02:52:03
Morgan,Etiam justo. Etiam pretium iaculis justo. In hac habitasse platea dictumst. Etiam faucibus cursus urna. Ut tellus. Nulla ut erat id mauris vulputate elementum. Nullam varius. Nulla facilisi. Cras non velit nec nisi vulputate nonummy.,83978579,mcram1n@sohu.com,2022-12-11 07:50:21,2022-10-15 02:14:26
Ebonee,"Mauris enim leo, rhoncus sed, vestibulum sit amet, cursus id, turpis. Integer aliquet, massa id lobortis convallis, tortor risus dapibus augue, vel accumsan tellus nisi eu orci.",56331553,evondra1o@google.com.au,2022-08-03 10:39:44,2023-03-29 14:03:54
Tyler,"Nullam molestie nibh in lectus. Pellentesque at nulla. Suspendisse potenti. Cras in purus eu magna vulputate luctus. Cum sociis natoque penatibus et magnis dis parturient montes, nascetur ridiculus mus. Vivamus vestibulum sagittis sapien.",66053411,ttassell1p@nytimes.com,2023-05-02 08:36:29,2022-09-21 16:18:56
Pail,Nulla ut erat id mauris vulputate elementum. Nullam varius.,44432386,pgateshill1q@apple.com,2023-03-13 23:20:31,2023-01-24 20:29:50
Abbi,"Sed sagittis. Nam congue, risus semper porta volutpat, quam pede lobortis ligula, sit amet eleifend pede libero quis orci. Nullam molestie nibh in lectus. Pellentesque at nulla. Suspendisse potenti. Cras in purus eu magna vulputate luctus. Cum sociis natoque penatibus et magnis dis parturient montes, nascetur ridiculus mus. Vivamus vestibulum sagittis sapien. Cum sociis natoque penatibus et magnis dis parturient montes, nascetur ridiculus mus.",64249650,awildman1r@youku.com,2022-11-15 02:22:15,2022-09-26 02:34:50
Georgiana,"Praesent lectus. Vestibulum quam sapien, varius ut, blandit non, interdum in, ante. Vestibulum ante ipsum primis in faucibus orci luctus et ultrices posuere cubilia Curae; Duis faucibus accumsan odio. Curabitur convallis. Duis consequat dui nec nisi volutpat eleifend.",60793980,glodden1s@apache.org,2022-11-07 04:26:05,2023-06-01 08:10:11
Sanderson,"Phasellus id sapien in sapien iaculis congue. Vivamus metus arcu, adipiscing molestie, hendrerit at, vulputate vitae, nisl. Aenean lectus. Pellentesque eget nunc. Donec quis orci eget orci vehicula condimentum. Curabitur in libero ut massa volutpat convallis.",47697855,saldred1t@columbia.edu,2023-02-03 16:21:36,2022-06-22 05:46:18
Amby,"Phasellus id sapien in sapien iaculis congue. Vivamus metus arcu, adipiscing molestie, hendrerit at, vulputate vitae, nisl. Aenean lectus. Pellentesque eget nunc.",91805035,arudolph1u@fc2.com,2023-04-07 12:39:08,2022-11-30 19:02:10
Carissa,"Quisque erat eros, viverra eget, congue eget, semper rutrum, nulla. Nunc purus. Phasellus in felis. Donec semper sapien a libero. Nam dui. Proin leo odio, porttitor id, consequat in, consequat ut, nulla. Sed accumsan felis. Ut at dolor quis odio consequat varius. Integer ac leo. Pellentesque ultrices mattis odio.",48309234,ccraisford1v@blogger.com,2023-01-22 10:55:53,2022-07-10 06:42:59
Rube,"Duis at velit eu est congue elementum. In hac habitasse platea dictumst. Morbi vestibulum, velit id pretium iaculis, diam erat fermentum justo, nec condimentum neque sapien placerat ante. Nulla justo. Aliquam quis turpis eget elit sodales scelerisque. Mauris sit amet eros. Suspendisse accumsan tortor quis turpis. Sed ante. Vivamus tortor. Duis mattis egestas metus.",80029173,rodooghaine1w@vk.com,2023-04-22 20:56:25,2023-05-04 20:54:40
Bernhard,"Duis bibendum, felis sed interdum venenatis, turpis enim blandit mi, in porttitor pede justo eu massa. Donec dapibus. Duis at velit eu est congue elementum.",24075225,bhallums1x@behance.net,2022-12-22 04:21:18,2023-04-14 10:20:20
Bartholomeus,"Quisque id justo sit amet sapien dignissim vestibulum. Vestibulum ante ipsum primis in faucibus orci luctus et ultrices posuere cubilia Curae; Nulla dapibus dolor vel est. Donec odio justo, sollicitudin ut, suscipit a, feugiat et, eros. Vestibulum ac est lacinia nisi venenatis tristique. Fusce congue, diam id ornare imperdiet, sapien urna pretium nisl, ut volutpat sapien arcu sed augue. Aliquam erat volutpat. In congue. Etiam justo. Etiam pretium iaculis justo. In hac habitasse platea dictumst.",7267549,bchesshyre1y@sun.com,2022-09-08 10:47:33,2023-04-22 08:10:55
Denver,"Maecenas tristique, est et tempus semper, est quam pharetra magna, ac consequat metus sapien ut nunc. Vestibulum ante ipsum primis in faucibus orci luctus et ultrices posuere cubilia Curae; Mauris viverra diam vitae quam. Suspendisse potenti. Nullam porttitor lacus at turpis. Donec posuere metus vitae ipsum.",53315421,dpincott1z@gravatar.com,2023-03-30 15:35:12,2022-10-22 16:47:13
Sheelah,"Donec diam neque, vestibulum eget, vulputate ut, ultrices vel, augue. Vestibulum ante ipsum primis in faucibus orci luctus et ultrices posuere cubilia Curae; Donec pharetra, magna vestibulum aliquet ultrices, erat tortor sollicitudin mi, sit amet lobortis sapien sapien non mi. Integer ac neque. Duis bibendum. Morbi non quam nec dui luctus rutrum. Nulla tellus. In sagittis dui vel nisl.",42651763,sacton20@usgs.gov,2023-03-08 10:12:30,2023-03-12 11:43:37
Knox,"Lorem ipsum dolor sit amet, consectetuer adipiscing elit. Proin interdum mauris non ligula pellentesque ultrices. Phasellus id sapien in sapien iaculis congue. Vivamus metus arcu, adipiscing molestie, hendrerit at, vulputate vitae, nisl. Aenean lectus. Pellentesque eget nunc. Donec quis orci eget orci vehicula condimentum. Curabitur in libero ut massa volutpat convallis. Morbi odio odio, elementum eu, interdum eu, tincidunt in, leo.",45186154,kkitman21@home.pl,2023-02-11 09:10:05,2022-11-08 18:44:44
Jourdan,Sed vel enim sit amet nunc viverra dapibus. Nulla suscipit ligula in lacus. Curabitur at ipsum ac tellus semper interdum.,40283477,jwagge22@cargocollective.com,2022-07-08 13:17:09,2022-07-14 16:24:09
Gabriela,Vestibulum ante ipsum primis in faucibus orci luctus et ultrices posuere cubilia Curae; Mauris viverra diam vitae quam. Suspendisse potenti. Nullam porttitor lacus at turpis. Donec posuere metus vitae ipsum. Aliquam non mauris.,2059877,gfalls23@hibu.com,2023-01-15 15:32:52,2022-06-18 22:03:59
Albie,"Sed vel enim sit amet nunc viverra dapibus. Nulla suscipit ligula in lacus. Curabitur at ipsum ac tellus semper interdum. Mauris ullamcorper purus sit amet nulla. Quisque arcu libero, rutrum ac, lobortis vel, dapibus at, diam. Nam tristique tortor eu pede.",45596214,anewbatt24@issuu.com,2023-06-06 11:57:04,2023-01-24 17:38:23
Radcliffe,"Duis bibendum, felis sed interdum venenatis, turpis enim blandit mi, in porttitor pede justo eu massa. Donec dapibus. Duis at velit eu est congue elementum. In hac habitasse platea dictumst. Morbi vestibulum, velit id pretium iaculis, diam erat fermentum justo, nec condimentum neque sapien placerat ante.",68126920,rdulanty25@nhs.uk,2022-11-09 01:08:05,2023-01-14 07:34:57
Rebecka,"Proin interdum mauris non ligula pellentesque ultrices. Phasellus id sapien in sapien iaculis congue. Vivamus metus arcu, adipiscing molestie, hendrerit at, vulputate vitae, nisl. Aenean lectus. Pellentesque eget nunc.",74790009,rrobbs26@house.gov,2023-04-14 18:20:47,2022-11-17 07:10:17
Jerry,"Nulla tellus. In sagittis dui vel nisl. Duis ac nibh. Fusce lacus purus, aliquet at, feugiat non, pretium quis, lectus. Suspendisse potenti. In eleifend quam a odio. In hac habitasse platea dictumst. Maecenas ut massa quis augue luctus tincidunt. Nulla mollis molestie lorem.",78101639,jpasterfield27@samsung.com,2022-12-03 01:44:02,2023-01-22 07:51:39
Celinka,"Morbi vel lectus in quam fringilla rhoncus. Mauris enim leo, rhoncus sed, vestibulum sit amet, cursus id, turpis. Integer aliquet, massa id lobortis convallis, tortor risus dapibus augue, vel accumsan tellus nisi eu orci. Mauris lacinia sapien quis libero. Nullam sit amet turpis elementum ligula vehicula consequat. Morbi a ipsum. Integer a nibh. In quis justo. Maecenas rhoncus aliquam lacus.",59171456,ctolossi28@wordpress.org,2022-12-26 23:08:29,2022-07-29 01:03:42
Orland,Fusce posuere felis sed lacus.,43297271,ofranzelini29@latimes.com,2023-05-15 05:40:03,2023-04-26 18:23:24
Esma,Curabitur at ipsum ac tellus semper interdum. Mauris ullamcorper purus sit amet nulla.,15069543,eklimke2a@bbb.org,2022-06-25 20:33:58,2022-08-01 10:27:27
Chadd,"Duis bibendum, felis sed interdum venenatis, turpis enim blandit mi, in porttitor pede justo eu massa. Donec dapibus. Duis at velit eu est congue elementum. In hac habitasse platea dictumst. Morbi vestibulum, velit id pretium iaculis, diam erat fermentum justo, nec condimentum neque sapien placerat ante. Nulla justo.",31007510,cdovermann2b@bandcamp.com,2022-08-07 17:41:50,2023-02-16 02:23:44
Dolf,"Sed ante. Vivamus tortor. Duis mattis egestas metus. Aenean fermentum. Donec ut mauris eget massa tempor convallis. Nulla neque libero, convallis eget, eleifend luctus, ultricies eu, nibh. Quisque id justo sit amet sapien dignissim vestibulum. Vestibulum ante ipsum primis in faucibus orci luctus et ultrices posuere cubilia Curae; Nulla dapibus dolor vel est.",16919409,dcheales2c@who.int,2022-08-19 18:08:15,2022-11-29 02:05:34
Dulsea,"Suspendisse ornare consequat lectus. In est risus, auctor sed, tristique in, tempus sit amet, sem. Fusce consequat. Nulla nisl. Nunc nisl.",43789542,dpoulett2d@nbcnews.com,2023-02-05 17:24:59,2022-07-30 12:44:32
Ella,"Maecenas ut massa quis augue luctus tincidunt. Nulla mollis molestie lorem. Quisque ut erat. Curabitur gravida nisi at nibh. In hac habitasse platea dictumst. Aliquam augue quam, sollicitudin vitae, consectetuer eget, rutrum at, lorem.",34318831,emeardon2e@jalbum.net,2023-01-12 01:04:05,2022-09-26 05:06:24
Rozalie,"Phasellus id sapien in sapien iaculis congue. Vivamus metus arcu, adipiscing molestie, hendrerit at, vulputate vitae, nisl. Aenean lectus.",97906393,rstreatley2f@jugem.jp,2023-02-16 02:15:57,2023-01-29 05:42:13
Lucy,"Suspendisse potenti. Cras in purus eu magna vulputate luctus. Cum sociis natoque penatibus et magnis dis parturient montes, nascetur ridiculus mus. Vivamus vestibulum sagittis sapien.",92819583,lfarquar2g@umich.edu,2023-03-03 20:07:12,2022-08-04 02:45:15
Addison,"Proin eu mi. Nulla ac enim. In tempor, turpis nec euismod scelerisque, quam turpis adipiscing lorem, vitae mattis nibh ligula nec sem. Duis aliquam convallis nunc.",5512319,acarnew2h@360.cn,2023-05-07 17:47:44,2022-07-03 11:06:04
Constantina,"Vestibulum ac est lacinia nisi venenatis tristique. Fusce congue, diam id ornare imperdiet, sapien urna pretium nisl, ut volutpat sapien arcu sed augue. Aliquam erat volutpat. In congue. Etiam justo. Etiam pretium iaculis justo. In hac habitasse platea dictumst. Etiam faucibus cursus urna. Ut tellus.",97042232,cfreathy2i@ucoz.com,2023-02-14 05:29:41,2023-01-19 02:50:25
Petronille,"Pellentesque at nulla. Suspendisse potenti. Cras in purus eu magna vulputate luctus. Cum sociis natoque penatibus et magnis dis parturient montes, nascetur ridiculus mus.",45023150,ptuohy2j@xinhuanet.com,2022-10-17 05:27:25,2023-03-08 21:11:12
Vanny,Nam nulla.,11158847,vkik2k@cisco.com,2022-07-01 19:37:58,2022-11-28 03:31:36
Archaimbaud,"Quisque ut erat. Curabitur gravida nisi at nibh. In hac habitasse platea dictumst. Aliquam augue quam, sollicitudin vitae, consectetuer eget, rutrum at, lorem. Integer tincidunt ante vel ipsum. Praesent blandit lacinia erat.",99232019,amcvicar2l@businesswire.com,2023-02-24 18:13:27,2022-08-16 21:08:28
Gypsy,Etiam vel augue. Vestibulum rutrum rutrum neque. Aenean auctor gravida sem. Praesent id massa id nisl venenatis lacinia. Aenean sit amet justo.,73595425,gboutcher2m@nytimes.com,2023-01-03 02:01:50,2023-05-26 10:50:43
Bartlet,"Morbi odio odio, elementum eu, interdum eu, tincidunt in, leo. Maecenas pulvinar lobortis est.",80534394,bdorsay2n@fda.gov,2023-05-19 04:53:38,2022-10-28 04:02:33
Elmira,Integer tincidunt ante vel ipsum. Praesent blandit lacinia erat. Vestibulum sed magna at nunc commodo placerat. Praesent blandit.,58079437,eyouster2o@dropbox.com,2023-03-07 18:32:54,2023-01-22 12:03:34
Micheline,In congue.,54268025,mfrostick2p@bloglovin.com,2022-06-18 06:28:34,2022-11-24 14:40:20
Ainsley,"Integer ac neque. Duis bibendum. Morbi non quam nec dui luctus rutrum. Nulla tellus. In sagittis dui vel nisl. Duis ac nibh. Fusce lacus purus, aliquet at, feugiat non, pretium quis, lectus. Suspendisse potenti.",44995078,akingerby2q@google.co.jp,2023-03-02 05:22:53,2023-04-04 13:04:38
Alexi,"Maecenas rhoncus aliquam lacus. Morbi quis tortor id nulla ultrices aliquet. Maecenas leo odio, condimentum id, luctus nec, molestie sed, justo. Pellentesque viverra pede ac diam.",12499275,adannehl2r@tinypic.com,2022-06-10 00:41:01,2023-03-12 15:57:48
